<properties>

	<property id="ActivityColor" type="number">0xFFFFFF</property>
    <property id="BackgroundColor" type="number">0x000000</property>
    <property id="DateColor" type="number">0xAAAAAA</property>
    <property id="GraphicsColor" type="number">0xFFAA00</property>
    <property id="TimeColor" type="number">0xFFFFFF</property>
    <property id="UpperfieldColor" type="number">0xAAAAAA</property>
    <property id="AlarmColor" type="number">0xFF0000</property>
    <property id="Alarm" type="number">15</property>
    
    <property id="Activity1" type="number">1</property>
    <property id="Activity2" type="number">2</property>
    <property id="Activity3" type="number">1</property>
    <property id="Week" type="number">1</property>
    <property id="Goals" type="number">0</property>
    <property id="Graphics" type="number">1</property>
        
   
</properties>
