<strings>
    <string id="AppName">JSClock</string>
    
    <string id="ActivityColorTitle">Aktivitets färg</string>
    <string id="BackgroundColorTitle">Bakgrunds färg</string>
    <string id="DateColorTitle">Datum färg</string>
    <string id="GraphicsColorTitle">Grafik färg</string>
    <string id="TimeColorTitle">Tid färg</string>
    <string id="UpperfieldColorTitle">Övre fältets färg</string>
    <string id="AlarmColorTitle">Alarm färg</string>
    <string id="AlarmTitle">Batteri Alarm nivå </string>
    <string id="Activity1Title">Aktivitets fält övre</string>
    <string id="Activity2Title">Aktivitets fält nedre</string>
    <string id="Activity3Title">Aktivitets fält över nedre linje</string>
    <string id="Week">Visa veckonummer</string>
    <string id="Goals">Visa dina mål</string>
    <string id="Graphics">Visa Grafik</string>
    <!--<string id="Sleepmode">Aktivera sovaläge</string>-->
    
    <string id="ColorBlack">Svart</string>
    <string id="ColorDarkGray">Mörk grå</string>
    <string id="ColorLightGray">Ljus grå</string>
    <string id="ColorWhite">Vit</string>
    <string id="ColorBlue">Blå</string>
    <string id="ColorRed">Röd</string>
    <string id="ColorYellow">Gul</string>
    <string id="ColorGreen">Grön</string>
    <string id="ColorPink">Rosa</string> 
    <string id="ColorOrange">Orange</string>
    <string id="ColorLightGreen">Ljus Grön</string>
    <string id="ColorLightBlue">Ljus Blå</string>
    <string id="ColorDarkRed">Mörk Röd</string>
    <string id="ColorDarkGreen">Mörk Grön</string>
    <string id="ColorPurple">Lila</string>

    <!--64-bit Color -->
    <string id="ColorNavy">Navy</string>
    <string id="ColorMidnightBlue">Midnight Blue</string>
    <string id="ColorDarkGreens">Dark Greens</string>
    <string id="ColorCobaltBlue">Cobalt Blue</string>
    <string id="ColorNavyBlue">Navy Blue</string>
    <string id="ColorPigmentGreen">Pigment Green</string>
    <string id="ColorPersianGreen">Persian Green</string>
	<string id="ColorMalachite">Malachite</string>
	<string id="ColorMediumSpringGreen">MediumSpringGreen</string>
	<string id="ColorAqua">Aqua</string>
	<string id="ColorMaroon">Maroon</string>
	<string id="ColorTyrianPurple">Tyrian Purple</string>
	<string id="ColorIndigo">Indigo</string>
	<string id="ColorElectricIndigo">Electric Indigo</string>
	<string id="ColorVerdunGreen">Verdun Green</string>
	<string id="ColorNeonBlue">Neon Blue</string>
	<string id="ColorKellyGreen">Kelly Green</string>
	<string id="ColorFruitSalad">Fruit Salad</string>
	<string id="ColorCadetBlue">Cadet Blue</string>
	<string id="ColorCornflowerBlue">Cornflower Blue</string>
	<string id="ColorBrightGreen">Bright Green</string>
	<string id="ColorScreaminGreen">Screamin Green</string>
	<string id="ColorBabyBlue">Baby Blue</string>
	<string id="ColorJazzberryJam">Jazzberry Jam</string>
	<string id="ColorDarkMagenta">Dark Magenta</string>
	<string id="ColorRust">Rust</string>
	<string id="ColorAppleBlossom">Apple Blossom</string>
	<string id="ColorVioletBlue">Violet Blue</string>
	<string id="ColorMediumPurple">Medium Purple</string>
	<string id="ColorCitrus">Citrus</string>
	<string id="ColorOliveGreen">Olive Green</string>
	<string id="ColorPerano">Perano</string>
	<string id="ColorSpringBud">Spring Bud</string>
	<string id="ColorConifer">Conifer</string>
	<string id="ColorMintGreen">Mint Green</string>
	<string id="ColorPaleTurquoise">Pale Turquoise</string>
	<string id="ColorSunsetOrange">Sunset Orange</string>
	<string id="ColorHollywoodCerise">Hollywood Cerise</string>
	<string id="ColorSunsetOranges">Sunset Oranges</string>
	<string id="ColorBrilliantRose">Brilliant Rose</string>
	<string id="ColorPinkFlamingo">Pink Flamingo</string>
	<string id="ColorTexasRose">Texas Rose</string>
	<string id="ColorSundown">Sundown</string>
	<string id="ColorYellows">Yellows</string>
	<string id="ColorLaserLemon">Laser Lemon</string>
	<string id="ColorShalimar">Shalimar</string>
       

    
   	<string id="Activitystep">Steg</string>
    <string id="Activitycalories">Kalorier</string>
    <string id="Activityfloor">Trappor</string>
    <string id="Activitydistance">Distans</string>
    <string id="Activityoff">Av</string>
    <string id="ActivityHeartRate">Puls</string>
    <string id="Weekoff">Vecka Av</string>
    <string id="Weekon">Vecka På</string>
    <string id="Goalsoff">Av</string>
    <string id="Goalson">På</string>
    <string id="Graphicsoff">Av</string>
    <string id="Graphicson">På</string>
    <!--<string id="Sleepoff">Av</string>
    <string id="Sleepon">På</string> -->    

    
</strings>
